,,January,March,March,March,May,May,May,August,,,,October,,November,,,,,,,,,,
,,Eldoret Open Chess Championship GrandPrix Ciruit,Kisumu Open Chess Championship 2026,"2nd Edition, Mavens Open International Chess Championship 2026",Sataranji Open Chess Championship 2026,2026 Kiambu Open Chess Championship,2026 Kakamega Open Chess Championship,Quo Vadis Nyeri Chess Open 2026,,"
1st Nairobi Chess Club Grand Prix - Open",,,,,,,,,,,,,,,
FIDE ID,Name,Rp,Rp,Rp,Rp,Rp,Rp,Rp,Rp,Rp,Rp,Rp,Rp,,Rp,,,Best ,2nd Best,3rd Best ,4th Best ,Number of Events,Number of events,AVRG/4 EVENTS,Avrg/Events Played
10816127,"Njuki, Gabriel",1985,1997,,1988,1838,2328,,1826,,,,,,,,,2328,1997,1988,1985,6,Played 4 Events,2075,"1,994"
10814582,"Kaloki, Hawi",1781,1864,2117,,2067,,,,,,,,,,,,2117,2067,1864,1781,4,Played 4 Events,1957,"1,957"
10814850,"Sagwa, Hillary",,1909,1765,1848,1923,,2115,1662,,,,,,,,,2115,1923,1909,1848,6,Played 4 Events,1949,"1,870"
10815406,"Irungu, Brian Mwangi",2031,1836,1861,,1737,2013,,,,,,,,,,,2031,2013,1861,1836,5,Played 4 Events,1935,"1,896"
10813420,"Okonga, Hugh Misiko",,1895,1984,2007,,1700,,,,,,,,,,,2007,1984,1895,1700,4,Played 4 Events,1897,"1,897"
10823875,"Chumba, Allan",1809,1773,1697,,1954,1939,1778,1884,,,,,,,,,1954,1939,1884,1809,7,Played 4 Events,1897,"1,833"
10801952,"Njoroge, Martin",1600,2000,,,1862,1877,,,,,,,,,,,2000,1877,1862,1600,4,Played 4 Events,1835,"1,835"
10833625,"Mwega, Nkanda",1586,,1990,,,1711,1805,,,,,,,,,,1990,1805,1711,1586,4,Played 4 Events,1773,"1,773"
10800360,"Singe, Philip Mbawala",1779,1770,1734,,1675,,,,,,,,,,,,1779,1770,1734,1675,4,Played 4 Events,1740,"1,740"
10831533,Kuka Kyle,,2064,2030,,2122,,,,,,,,,,,,2122,2064,2030,,3,Played 3 Events,2072,"2,072"
10808655,"Okeyo, Steve Austine",2169,1993,,,,2010,,,,,,,,,,,2169,2010,1993,,3,Played 3 Events,2057,"2,057"
10804714,"Methu, Joseph Muragu",,,1944,,1935,1949,,,,,,,,,,,1949,1944,1935,,3,Played 3 Events,1943,"1,943"
10842357,Muli Faraja Mumo,,,1738,,2168,,,1906,,,,,,,,,2168,1906,1738,,3,Played 3 Events,1937,"1,937"
10805796,Mwabu Timothy,,1995,2005,,,,,1807,,,,,,,,,2005,1995,1807,,3,Played 3 Events,1936,"1,936"
10816593,"Mutuge, Ian",1783,,1848,,,2161,,,,,,,,,,,2161,1848,1783,,3,Played 3 Events,1931,"1,931"
10823425,Omondi Stanley,,,1761,1969,,,,1977,,,,,,,,,1977,1969,1761,,3,Played 3 Events,1902,"1,902"
10808868,Shile Lenny Mataiga,,1622,1996,2013,,,,,,,,,,,,,2013,1996,1622,,3,Played 3 Events,1877,"1,877"
10831029,Manyeki Nathaniel,,,1876,1935,1801,,,,,,,,,,,,1935,1876,1801,,3,Played 3 Events,1871,"1,871"
10827382,Wanyoike Collins Mburu,,,1966,1778,1853,,,,,,,,,,,,1966,1853,1778,,3,Played 3 Events,1866,"1,866"
10815244,Abel Taji,,,1722,,1804,,,2021,,,,,,,,,2021,1804,1722,,3,Played 3 Events,1849,"1,849"
,Omondi Suleiman,1817,,1844,,,1839,,,,,,,,,,,1844,1839,1817,,3,Played 3 Events,1833,"1,833"
10836012,Mugambi Christian Mwamba,,,1748,,1757,,,1861,,,,,,,,,1861,1757,1748,,3,Played 3 Events,1789,"1,789"
10830618,Claude Peter,,,,1824,1737,,,1658,,,,,,,,,1824,1737,1658,,3,Played 3 Events,1740,"1,740"
10847979,Kenneth Koome Kinoti,,,,1742,1712,,1738,,,,,,,,,,1742,1738,1712,,3,Played 3 Events,1731,"1,731"
10842853,Waweru Davidson Mugo,,,1765,,1642,,1695,,,,,,,,,,1765,1695,1642,,3,Played 3 Events,1701,"1,701"
10897003,"Kipchumba, Brian",1719,1722,1508,,,,,,,,,,,,,,1722,1719,1508,,3,Played 3 Events,1650,"1,650"
10836586,Oluchiri Jeshurun Inyangala,,,,1567,1742,,,1559,,,,,,,,,1742,1567,1559,,3,Played 3 Events,1623,"1,623"
10824421,"Riungu, Kevin",,,,1424,1670,,,1763,,,,,,,,,1763,1670,1424,,3,Played 3 Events,1619,"1,619"
10856145,Jayden Kiai,,,1364,,1652,,1589,,,,,,,,,,1652,1589,1364,,3,Played 3 Events,1535,"1,535"
10839259,"Tindi, Liam",1601,1347,,,,1585,,,,,,,,,,,1601,1585,1347,,3,Played 3 Events,1511,"1,511"
10802088,"Ngani, Victor",1902,,,,2308,,,,,,,,,,,,2308,1902,,,2,Played 2 Events,2105,"2,105"
10831940,Karani Ezekiel,,,,,2061,,,2049,,,,,,,,,2061,2049,,,2,Played 2 Events,2055,"2,055"
10806830,Chege Kairu,,2024,,,2084,,,,,,,,,,,,2084,2024,,,2,Played 2 Events,2054,"2,054"
10835083,"Wanjiru, Chrisphinus",,,1926,,,,2076,,,,,,,,,,2076,1926,,,2,Played 2 Events,2001,"2,001"
10800999,Gohil Mehul,2014,,,1964,,,,,,,,,,,,,2014,1964,,,2,Played 2 Events,1989,"1,989"
10895000,Amos Wayne,,,1994,,,,,1979,,,,,,,,,1994,1979,,,2,Played 2 Events,1987,"1,987"
,"Jethwa, Shiv",2025,1844,,,,,,,,,,,,,,,2025,1844,,,2,Played 2 Events,1935,"1,935"
10800166,"Magana, Ben",,,1957,,,1901,,,,,,,,,,,1957,1901,,,2,Played 2 Events,1929,"1,929"
,Edwin Owen,,,1880,,1889,,,,,,,,,,,,1889,1880,,,2,Played 2 Events,1885,"1,885"
10849262,"Opiyo, Vitalis",2045,,1642,,,,,,,,,,,,,,2045,1642,,,2,Played 2 Events,1844,"1,844"
,"Muhambe, Terrence Shisundi",1819,,,,,1866,,,,,,,,,,,1866,1819,,,2,Played 2 Events,1843,"1,843"
10832343,"Nyamiaka, Haden",,,1850,1827,,,,,,,,,,,,,1850,1827,,,2,Played 2 Events,1839,"1,839"
,"Hesham, Mohammed Zemam",,,,,,,1906,1757,,,,,,,,,1906,1757,,,2,Played 2 Events,1832,"1,832"
10841741,"Langat, Silvanus",1817,,1844,,,,,,,,,,,,,,1844,1817,,,2,Played 2 Events,1831,"1,831"
10801693,"Walela, Austin",,,1812,1839,,,,,,,,,,,,,1839,1812,,,2,Played 2 Events,1826,"1,826"
10822496,"Ngugi, Samuel Mwaura",1852,1778,,,,,,,,,,,,,,,1852,1778,,,2,Played 2 Events,1815,"1,815"
10803670,"Amwai, Tom",1641,1915,,,,,,,,,,,,,,,1915,1641,,,2,Played 2 Events,1778,"1,778"
10819649,Jamie Obora Kanango,1654,,1898,,,,,,,,,,,,,,1898,1654,,,2,Played 2 Events,1776,"1,776"
10843345,"Mikuli, Lewis Owino",,,1714,,,,1836,,,,,,,,,,1836,1714,,,2,Played 2 Events,1775,"1,775"
,Baraka Arunga,,1775,1672,,,,,,,,,,,,,,1775,1672,,,2,Played 2 Events,1724,"1,724"
10842810,Simiyu Baraka Daniel,,,,,,1817,1616,,,,,,,,,,1817,1616,,,2,Played 2 Events,1717,"1,717"
10802061,"Akhanyinya, Bryan Toboso",1550,1865,,,,,,,,,,,,,,,1865,1550,,,2,Played 2 Events,1708,"1,708"
10800190,Kagambi Lawrence,,,,1538,1855,,,,,,,,,,,,1855,1538,,,2,Played 2 Events,1697,"1,697"
,Alex Kipkoech ,1735,,,,,1642,,,,,,,,,,,1735,1642,,,2,Played 2 Events,1689,"1,689"
10895418,Collins Muoki. K,,,1696,1675,,,,,,,,,,,,,1696,1675,,,2,Played 2 Events,1686,"1,686"
10800026,"Miheso, Clement Chomu",1839,,1525,,,,,,,,,,,,,,1839,1525,,,2,Played 2 Events,1682,"1,682"
10842896,Nthiga Blair Wema,,,,1671,1693,,,,,,,,,,,,1693,1671,,,2,Played 2 Events,1682,"1,682"
,Philip Mwashe,,,,1692,,,,1645,,,,,,,,,1692,1645,,,2,Played 2 Events,1669,"1,669"
10848533,Danson Ryan Kimani,,,1604,,1730,,,,,,,,,,,,1730,1604,,,2,Played 2 Events,1667,"1,667"
,"Kiruthu, Ted Wahome",1695,,,1627,,,,,,,,,,,,,1695,1627,,,2,Played 2 Events,1661,"1,661"
10896376,"Daniel, Misiko",1559,,,,,1690,,,,,,,,,,,1690,1559,,,2,Played 2 Events,1625,"1,625"
10893822,"Ovita, Brian",,1486,1532,,,,,,,,,,,,,,1532,1486,,,2,Played 2 Events,1509,"1,509"
10852832,Adriel Baraka,1385,,,1585,,,,,,,,,,,,,1585,1385,,,2,Played 2 Events,1485,"1,485"
,"Jaeger, Nyamongo Omari",,,1268,,,,,1597,,,,,,,,,1597,1268,,,2,Played 2 Events,1433,"1,433"
10876073,Omollo Tendai Gichuhi,1517,,1250,,,,,,,,,,,,,,1517,1250,,,2,Played 2 Events,1384,"1,384"
,John Okello,,,1127,,1441,,,,,,,,,,,,1441,1127,,,2,Played 2 Events,1284,"1,284"
10824014,"Simiyu, Jadon",,,2257,,,,,,,,,,,,,,2257,,,,1,Played 1 Event,2257,"2,257"
10810803,"Muchiri, Rocky",,1981,,,,,,,,,,,,,,,1981,,,,1,Played 1 Event,1981,"1,981"
10802185,Sang Ricky,,,1952,,,,,,,,,,,,,,1952,,,,1,Played 1 Event,1952,"1,952"
10807764,Gichuhi Brian Chege,,,1946,,,,,,,,,,,,,,1946,,,,1,Played 1 Event,1946,"1,946"
,Daniel Gisore,,,,,1942,,,,,,,,,,,,1942,,,,1,Played 1 Event,1942,"1,942"
10827587,"Cheruiyot, Elly",1937,,,,,,,,,,,,,,,,1937,,,,1,Played 1 Event,1937,"1,937"
,Walter Oloo Juma,,,,1874,,,,,,,,,,,,,1874,,,,1,Played 1 Event,1874,"1,874"
10869638,"Wafula, Andrew Mangeni",,,,,,1870,,,,,,,,,,,1870,,,,1,Played 1 Event,1870,"1,870"
,"Langat, Silvanus",1859,,,,,,,,,,,,,,,,1859,,,,1,Played 1 Event,1859,"1,859"
10828583,"Shikuku, Clinton",,,1842,,,,,,,,,,,,,,1842,,,,1,Played 1 Event,1842,"1,842"
,Owen kelvin Otieno,,,1840,,,,,,,,,,,,,,1840,,,,1,Played 1 Event,1840,"1,840"
10812520,Mitei Cosmas,,,1839,,,,,,,,,,,,,,1839,,,,1,Played 1 Event,1839,"1,839"
10806164,"Mulindi, Trevor",,,,,1838,,,,,,,,,,,,1838,,,,1,Played 1 Event,1838,"1,838"
10882359,Wayne Joe Njarumi,,,1829,,,,,,,,,,,,,,1829,,,,1,Played 1 Event,1829,"1,829"
10897038,"Kipkalia, Jeremy",1817,,,,,,,,,,,,,,,,1817,,,,1,Played 1 Event,1817,"1,817"
10832696,Nhial Jeremiah Machar,,,1810,,,,,,,,,,,,,,1810,,,,1,Played 1 Event,1810,"1,810"
10896465,"Steve, Patience",,1795,,,,,,,,,,,,,,,1795,,,,1,Played 1 Event,1795,"1,795"
,Nyonje Dominic,,,1792,,,,,,,,,,,,,,1792,,,,1,Played 1 Event,1792,"1,792"
10826890,"Kamau, Kelvin Ngigi",,,,,1780,,,,,,,,,,,,1780,,,,1,Played 1 Event,1780,"1,780"
,"Korir, Collins",1777,,,,,,,,,,,,,,,,1777,,,,1,Played 1 Event,1777,"1,777"
10840966,"Baraka, Victor Gagne",1773,,,,,,,,,,,,,,,,1773,,,,1,Played 1 Event,1773,"1,773"
,Titus Ochieng,,1766,,,,,,,,,,,,,,,1766,,,,1,Played 1 Event,1766,"1,766"
10812750,"Noormohamed, Shabbbir Harunany",1760,,,,,,,,,,,,,,,,1760,,,,1,Played 1 Event,1760,"1,760"
,"Ngetich, Moses",1759,,,,,,,,,,,,,,,,1759,,,,1,Played 1 Event,1759,"1,759"
,"Osoro, Samuel Onsongo",,,,,1756,,,,,,,,,,,,1756,,,,1,Played 1 Event,1756,"1,756"
10815503,"Gicheru, John Wagema",,,,1751,,,,,,,,,,,,,1751,,,,1,Played 1 Event,1751,"1,751"
10841105,"Mutongoi, Ian",,,,1748,,,,,,,,,,,,,1748,,,,1,Played 1 Event,1748,"1,748"
10802746,Lwanga Odongo,,,,1746,,,,,,,,,,,,,1746,,,,1,Played 1 Event,1746,"1,746"
10848878,Muchoki Trevor Kanyuithia,,,,,1744,,,,,,,,,,,,1744,,,,1,Played 1 Event,1744,"1,744"
,Washington Omondi,,,,1739,,,,,,,,,,,,,1739,,,,1,Played 1 Event,1739,"1,739"
,"Otanga, Ernest Emisiko",1736,,,,,,,,,,,,,,,,1736,,,,1,Played 1 Event,1736,"1,736"
,"Joseph, Ndungu",1735,,,,,,,,,,,,,,,,1735,,,,1,Played 1 Event,1735,"1,735"
10820078,"Mwendwa, Eric Muteti",,1732,,,,,,,,,,,,,,,1732,,,,1,Played 1 Event,1732,"1,732"
,Abiola James,,1729,,,,,,,,,,,,,,,1729,,,,1,Played 1 Event,1729,"1,729"
,"Nyaruaba, Raphael",,,,,1726,,,,,,,,,,,,1726,,,,1,Played 1 Event,1726,"1,726"
10800123,Omolo Kenneth,,,1723,,,,,,,,,,,,,,1723,,,,1,Played 1 Event,1723,"1,723"
10815309,Wanjala Samuel,1722,,,,,,,,,,,,,,,,1722,,,,1,Played 1 Event,1722,"1,722"
10801529,Lwanga Aguda,,,,1721,,,,,,,,,,,,,1721,,,,1,Played 1 Event,1721,"1,721"
10843361,"Njoki, John Mutuku",,,,,,,1717,,,,,,,,,,1717,,,,1,Played 1 Event,1717,"1,717"
10834656,"Jesse, Fabian",,,,,,,,1711,,,,,,,,,1711,,,,1,Played 1 Event,1711,"1,711"
10890840,"Moegi, Jeremiah Monange",1710,,,,,,,,,,,,,,,,1710,,,,1,Played 1 Event,1710,"1,710"
10834672,"Ochieng, Kennedy",,1708,,,,,,,,,,,,,,,1708,,,,1,Played 1 Event,1708,"1,708"
10849220,Ochieng James,,,1705,,,,,,,,,,,,,,1705,,,,1,Played 1 Event,1705,"1,705"
,"Kemboi, Ely Kipkogei",1698,,,,,,,,,,,,,,,,1698,,,,1,Played 1 Event,1698,"1,698"
10897062,"Kiprono, Victor",1685,,,,,,,,,,,,,,,,1685,,,,1,Played 1 Event,1685,"1,685"
10839500,Thiongo Collins,,,,1678,,,,,,,,,,,,,1678,,,,1,Played 1 Event,1678,"1,678"
10803408,Ombui Paul,,,1677,,,,,,,,,,,,,,1677,,,,1,Played 1 Event,1677,"1,677"
10832513,"Simiyu, Jerry",1671,,,,,,,,,,,,,,,,1671,,,,1,Played 1 Event,1671,"1,671"
10831312,Ngugi Clinton,,,1665,,,,,,,,,,,,,,1665,,,,1,Played 1 Event,1665,"1,665"
10802797,Ngonga Paul Oketch,,,,1663,,,,,,,,,,,,,1663,,,,1,Played 1 Event,1663,"1,663"
10897763,Irungu Morris Maina,,,1660,,,,,,,,,,,,,,1660,,,,1,Played 1 Event,1660,"1,660"
10841466,Kahara Ethan Kariuki,,,1659,,,,,,,,,,,,,,1659,,,,1,Played 1 Event,1659,"1,659"
10808353,"Nyaga, James Kabui",,,,,,,1645,,,,,,,,,,1645,,,,1,Played 1 Event,1645,"1,645"
10842870,Waweru Trevor Kipngetich,,,,,,,1642,,,,,,,,,,1642,,,,1,Played 1 Event,1642,"1,642"
10833056,"Mwanza, Leonard",,,,1639,,,,,,,,,,,,,1639,,,,1,Played 1 Event,1639,"1,639"
10802797,"Ngonga, Paul Oketch",,,,,1633,,,,,,,,,,,,1633,,,,1,Played 1 Event,1633,"1,633"
10829504,Ombiro Clifford,,1632,,,,,,,,,,,,,,,1632,,,,1,Played 1 Event,1632,"1,632"
10818251,Mbaabu Cyprian,,,,,,,,1629,,,,,,,,,1629,,,,1,Played 1 Event,1629,"1,629"
10856366,Jayson Kimani Ndarwa,,,1621,,,,,,,,,,,,,,1621,,,,1,Played 1 Event,1621,"1,621"
,Odongo Bill Clinton,,1619,,,,,,,,,,,,,,,1619,,,,1,Played 1 Event,1619,"1,619"
10896503,"Migitha, James",,,,1615,,,,,,,,,,,,,1615,,,,1,Played 1 Event,1615,"1,615"
10803416,"Gathoni, Paul Waweru",,,1608,,,,,,,,,,,,,,1608,,,,1,Played 1 Event,1608,"1,608"
,HItash Shar Jeegar,,,1602,,,,,,,,,,,,,,1602,,,,1,Played 1 Event,1602,"1,602"
10819940,Sadam Ali Sheikh,,,1591,,,,,,,,,,,,,,1591,,,,1,Played 1 Event,1591,"1,591"
10846573,"Rotich, Damien Kibet",1581,,,,,,,,,,,,,,,,1581,,,,1,Played 1 Event,1581,"1,581"
10834818,"Wasonga, Floyd",,1579,,,,,,,,,,,,,,,1579,,,,1,Played 1 Event,1579,"1,579"
10852700,Isaac Bahati,1564,,,,,,,,,,,,,,,,1564,,,,1,Played 1 Event,1564,"1,564"
,Armon Sein,,,1559,,,,,,,,,,,,,,1559,,,,1,Played 1 Event,1559,"1,559"
10857630,Jesse Jayden,,,,,,,,1558,,,,,,,,,1558,,,,1,Played 1 Event,1558,"1,558"
,Andrew Owili,,1556,,,,,,,,,,,,,,,1556,,,,1,Played 1 Event,1556,"1,556"
10842659,Apamo Shem Mali,,,,,,,,1546,,,,,,,,,1546,,,,1,Played 1 Event,1546,"1,546"
10846840,Kiplangat Baraka,,,,,1545,,,,,,,,,,,,1545,,,,1,Played 1 Event,1545,"1,545"
,Wamwenje Abednego,,,1542,,,,,,,,,,,,,,1542,,,,1,Played 1 Event,1542,"1,542"
10823700,"Curtis, Reuben Thuo",,1532,,,,,,,,,,,,,,,1532,,,,1,Played 1 Event,1532,"1,532"
10841113,"Misiko, Peter Wangila",1525,,,,,,,,,,,,,,,,1525,,,,1,Played 1 Event,1525,"1,525"
10893920,"Ombee, Davis David",,1524,,,,,,,,,,,,,,,1524,,,,1,Played 1 Event,1524,"1,524"
10838899,"Magor, Marcarius Onyango",,,,1523,,,,,,,,,,,,,1523,,,,1,Played 1 Event,1523,"1,523"
10846590,"Rotich, Darrien Kigen",1517,,,,,,,,,,,,,,,,1517,,,,1,Played 1 Event,1517,"1,517"
,Okongo Tom,,1512,,,,,,,,,,,,,,,1512,,,,1,Played 1 Event,1512,"1,512"
10834702,"Aduma, Melivin",,1490,,,,,,,,,,,,,,,1490,,,,1,Played 1 Event,1490,"1,490"
10892559,Joseph Gathogo,1484,,,,,,,,,,,,,,,,1484,,,,1,Played 1 Event,1484,"1,484"
10841024,"Omunyin, Robinson",,1476,,,,,,,,,,,,,,,1476,,,,1,Played 1 Event,1476,"1,476"
,"Makanga, Alton Takwa",1427,,,,,,,,,,,,,,,,1427,,,,1,Played 1 Event,1427,"1,427"
10838422,"Silim, Hussein",1394,,,,,,,,,,,,,,,,1394,,,,1,Played 1 Event,1394,"1,394"
,Shar Danish Jeegar,,,1293,,,,,,,,,,,,,,1293,,,,1,Played 1 Event,1293,"1,293"
10802428,"Mwangi, Ranft",1277,,,,,,,,,,,,,,,,1277,,,,1,Played 1 Event,1277,"1,277"
,Victor Ochieng,,,,,,1716,,,,,,,,,,,1716,,,,1,Played 1 Event,,"1,716"
32503857,Abraham Makur Kosia Aluenge,,,,,,,,,,,,,,,,,,,,,0,Played 0 Events,,0
10899278,"Adiel Matata,",,,,,,,,,,,,,,,,,,,,,0,Played 0 Events,,0
10825665,"Adiel, Kipkorir",,,,,,,,,,,,,,,,,,,,,0,Played 0 Events,,0
10806350,Adrian Kariuki,,,,,,,,,,,,,,,,,,,,,0,Played 0 Events,,0
554004446,"Adrian, Kiprotich",,,,,,,,,,,,,,,,,,,,,0,Played 0 Events,,0
10844511,"Akama, Job",,,,,,,,,,,,,,,,,,,,,0,Played 0 Events,,0
10895388,Alex Juma,,,,,,,,,,,,,,,,,,,,,0,Played 0 Events,,0
10896813,"Alex, Amasakha",,,,,,,,,,,,,,,,,,,,,0,Played 0 Events,,0
10855599,Alpha Wanyoike,,,,,,,,,,,,,,,,,,,,,0,Played 0 Events,,0
10898107,Amos Owino,,,,,,,,,,,,,,,,,,,,,0,Played 0 Events,,0
10896821,"Amugune, Ephrahim",,,,,,,,,,,,,,,,,,,,,0,Played 0 Events,,0
10802444,"Amunga, Givans",,,,,,,,,,,,,,,,,,,,,0,Played 0 Events,,0
10801502,"Andiwoh, Moses",,,,,,,,,,,,,,,,,,,,,0,Played 0 Events,,0
10852956,Andy Zane Wright,,,,,,,,,,,,,,,,,,,,,0,Played 0 Events,,0
10896830,"Angolo, Henry",,,,,,,,,,,,,,,,,,,,,0,Played 0 Events,,0
10896848,"Angulinda, Stanley",,,,,,,,,,,,,,,,,,,,,0,Played 0 Events,,0
10833382,Anindo Andericus,,,,,,,,,,,,,,,,,,,,,0,Played 0 Events,,0
10834958,Anthony Nandaa,,,,,,,,,,,,,,,,,,,,,0,Played 0 Events,,0
10898883,"Anthony, Maingi Mathenge",,,,,,,,,,,,,,,,,,,,,0,Played 0 Events,,0
10845194,"Apollo, Alier",,,,,,,,,,,,,,,,,,,,,0,Played 0 Events,,0
10894411,Arshavin Thuku,,,,,,,,,,,,,,,,,,,,,0,Played 0 Events,,0
10802762,"Atiagaga, Shem Vilembwa",,,,,,,,,,,,,,,,,,,,,0,Played 0 Events,,0
10898123,Austin Tutu,,,,,,,,,,,,,,,,,,,,,0,Played 0 Events,,0
10861106,"Aviah, Mutua",,,,,,,,,,,,,,,,,,,,,0,Played 0 Events,,0
554005930,Benard Nguha Wakarindi,,,,,,,,,,,,,,,,,,,,,0,Played 0 Events,,0
10844813,"Bodalikar, Shivishwar",,,,,,,,,,,,,,,,,,,,,0,Played 0 Events,,0
10818677,Boera Felix,,,,,,,,,,,,,,,,,,,,,0,Played 0 Events,,0
10802711,Bolo Ronald,,,,,,,,,,,,,,,,,,,,,0,Played 0 Events,,0
10896856,"Bongani, Rama Rao",,,,,,,,,,,,,,,,,,,,,0,Played 0 Events,,0
10853103,"Bowen, Ndegwa Waikwa",,,,,,,,,,,,,,,,,,,,,0,Played 0 Events,,0
10898140,Bramuel Khaemba,,,,,,,,,,,,,,,,,,,,,0,Played 0 Events,,0
10818383,"Brian, Gabriel Mwangi",,,,,,,,,,,,,,,,,,,,,0,Played 0 Events,,0
10896864,"Brighton, Kibet",,,,,,,,,,,,,,,,,,,,,0,Played 0 Events,,0
10847812,"Calton, Gichuhi Kamau",,,,,,,,,,,,,,,,,,,,,0,Played 0 Events,,0
10899014,"Carlson, Maragia",,,,,,,,,,,,,,,,,,,,,0,Played 0 Events,,0
10831517,Chazima Terence Shaka,,,,,,,,,,,,,,,,,,,,,0,Played 0 Events,,0
10886311,"Chesos, Caleb",,,,,,,,,,,,,,,,,,,,,0,Played 0 Events,,0
10803173,"Chiluba, Brian",,,,,,,,,,,,,,,,,,,,,0,Played 0 Events,,0
10822968,"Chiluka, Lingston",,,,,,,,,,,,,,,,,,,,,0,Played 0 Events,,0
10896350,"Chiman, Garang Chiman",,,,,,,,,,,,,,,,,,,,,0,Played 0 Events,,0
10897992,Chirchir Rovers Kiprono,,,,,,,,,,,,,,,,,,,,,0,Played 0 Events,,0
10829326,"Chitundu, Limbikani",,,,,,,,,,,,,,,,,,,,,0,Played 0 Events,,0
10899235,"Christian Karanja,",,,,,,,,,,,,,,,,,,,,,0,Played 0 Events,,0
10858830,"Christian, Onyonyi",,,,,,,,,,,,,,,,,,,,,0,Played 0 Events,,0
10830987,Chvoro Viacheslav,,,,,,,,,,,,,,,,,,,,,0,Played 0 Events,,0
10887970,"Clement, Muriuki",,,,,,,,,,,,,,,,,,,,,0,Played 0 Events,,0
10897810,"Clinton, Muriithi Munene",,,,,,,,,,,,,,,,,,,,,0,Played 0 Events,,0
10897836,Daniel Mungao,,,,,,,,,,,,,,,,,,,,,0,Played 0 Events,,0
10898891,"Daniel, Shima",,,,,,,,,,,,,,,,,,,,,0,Played 0 Events,,0
554006902,David Paul,,,,,,,,,,,,,,,,,,,,,0,Played 0 Events,,0
10835059,David Shammah,,,,,,,,,,,,,,,,,,,,,0,Played 0 Events,,0
10847855,"David, Mwangi",,,,,,,,,,,,,,,,,,,,,0,Played 0 Events,,0
10861521,"David, Praise",,,,,,,,,,,,,,,,,,,,,0,Played 0 Events,,0
554002478,"David, Simiyu",,,,,,,,,,,,,,,,,,,,,0,Played 0 Events,,0
10896872,"Dennis, Kipngok",,,,,,,,,,,,,,,,,,,,,0,Played 0 Events,,0
10894896,Derry Maari,,,,,,,,,,,,,,,,,,,,,0,Played 0 Events,,0
10818405,Dominic Carlos Kiema,,,,,,,,,,,,,,,,,,,,,0,Played 0 Events,,0
10861580,Donald Mugo,,,,,,,,,,,,,,,,,,,,,0,Played 0 Events,,0
10899219,"Douglas Ombuya,",,,,,,,,,,,,,,,,,,,,,0,Played 0 Events,,0
10896880,"Durga, Guttula",,,,,,,,,,,,,,,,,,,,,0,Played 0 Events,,0
10859080,Earl Shumy Oruo,,,,,,,,,,,,,,,,,,,,,0,Played 0 Events,,0
10819673,"Edwin, Koech",,,,,,,,,,,,,,,,,,,,,0,Played 0 Events,,0
10891692,Elikaseed Quick,,,,,,,,,,,,,,,,,,,,,0,Played 0 Events,,0
10891790,Elvis Kipkorir,,,,,,,,,,,,,,,,,,,,,0,Played 0 Events,,0
10847880,Elvis Munene,,,,,,,,,,,,,,,,,,,,,0,Played 0 Events,,0
10896899,"Elvis, Waiguru",,,,,,,,,,,,,,,,,,,,,0,Played 0 Events,,0
,Emmanuel Melvin Pesa,,,,,,,,,,,,,,,,,,,,,0,Played 0 Events,,0
10882430,"Emmanuel, Kwambai",,,,,,,,,,,,,,,,,,,,,0,Played 0 Events,,0
554003091,Ethan Kipchumba,,,,,,,,,,,,,,,,,,,,,0,Played 0 Events,,0
10859217,"Ethan, Ojowi",,,,,,,,,,,,,,,,,,,,,0,Played 0 Events,,0
10896490,"Eugene, Knights",,,,,,,,,,,,,,,,,,,,,0,Played 0 Events,,0
10890564,"Eugene, Zablon",,,,,,,,,,,,,,,,,,,,,0,Played 0 Events,,0
10896562,Evans Lmelita Oloishuro,,,,,,,,,,,,,,,,,,,,,0,Played 0 Events,,0
10898182,Fabian Fabrice Githinji,,,,,,,,,,,,,,,,,,,,,0,Played 0 Events,,0
554006392,Francis Rennox,,,,,,,,,,,,,,,,,,,,,0,Played 0 Events,,0
10887237,"Francis, Kirite",,,,,,,,,,,,,,,,,,,,,0,Played 0 Events,,0
10898000,Franck Otieno,,,,,,,,,,,,,,,,,,,,,0,Played 0 Events,,0
10896902,"Frank, Maina",,,,,,,,,,,,,,,,,,,,,0,Played 0 Events,,0
554005671,Fredrick Ngigi,,,,,,,,,,,,,,,,,,,,,0,Played 0 Events,,0
10837639,"Gacheru, Francis Nderitu",,,,,,,,,,,,,,,,,,,,,0,Played 0 Events,,0
10817476,"Gakembu, Hiram",,,,,,,,,,,,,,,,,,,,,0,Played 0 Events,,0
10813640,"Garang, Lual",,,,,,,,,,,,,,,,,,,,,0,Played 0 Events,,0
10844376,Gathogo Maxwell Nyawira,,,,,,,,,,,,,,,,,,,,,0,Played 0 Events,,0
10896910,"Gekonge, Gideon",,,,,,,,,,,,,,,,,,,,,0,Played 0 Events,,0
554005663,Gerald Aduda Obede,,,,,,,,,,,,,,,,,,,,,0,Played 0 Events,,0
10824065,"Getange, Johnpaul",,,,,,,,,,,,,,,,,,,,,0,Played 0 Events,,0
10850180,"Gian, Wema",,,,,,,,,,,,,,,,,,,,,0,Played 0 Events,,0
10850210,"Gianni, Tuli",,,,,,,,,,,,,,,,,,,,,0,Played 0 Events,,0
10893830,Gicharu Dylan,,,,,,,,,,,,,,,,,,,,,0,Played 0 Events,,0
10835628,Gichuga Wanjiru Wanjiku,,,,,,,,,,,,,,,,,,,,,0,Played 0 Events,,0
10898204,Gillian Della,,,,,,,,,,,,,,,,,,,,,0,Played 0 Events,,0
10834303,"Githiga, John",,,,,,,,,,,,,,,,,,,,,0,Played 0 Events,,0
10899294,"Gitonga Murang'a,",,,,,,,,,,,,,,,,,,,,,0,Played 0 Events,,0
10810277,"Gitonga, Austin Muthui",,,,,,,,,,,,,,,,,,,,,0,Played 0 Events,,0
10898212,Glain Amukhoye,,,,,,,,,,,,,,,,,,,,,0,Played 0 Events,,0
10898018,Godluck Githinji,,,,,,,,,,,,,,,,,,,,,0,Played 0 Events,,0
10811605,Gwada James,,,,,,,,,,,,,,,,,,,,,0,Played 0 Events,,0
10896929,"Harrison, Joseph",,,,,,,,,,,,,,,,,,,,,0,Played 0 Events,,0
10845305,"Hawi, Gregory",,,,,,,,,,,,,,,,,,,,,0,Played 0 Events,,0
10898220,Henry Oluoch,,,,,,,,,,,,,,,,,,,,,0,Played 0 Events,,0
10898034,Hezekiah Elisha,,,,,,,,,,,,,,,,,,,,,0,Played 0 Events,,0
10896937,"Hezron, Cheruiyot",,,,,,,,,,,,,,,,,,,,,0,Played 0 Events,,0
10803491,"Hongo, Victor Machel",,,,,,,,,,,,,,,,,,,,,0,Played 0 Events,,0
10899308,"Ian, Gioko Kamindu",,,,,,,,,,,,,,,,,,,,,0,Played 0 Events,,0
10896945,"Isaac, Baraka",,,,,,,,,,,,,,,,,,,,,0,Played 0 Events,,0
10813020,Isaiah Otieno Oluoch,,,,,,,,,,,,,,,,,,,,,0,Played 0 Events,,0
10853669,"Ivan, Ngeno",,,,,,,,,,,,,,,,,,,,,0,Played 0 Events,,0
10845666,Jacksletter Musyoka,,,,,,,,,,,,,,,,,,,,,0,Played 0 Events,,0
554005531,Jadiel Korir,,,,,,,,,,,,,,,,,,,,,0,Played 0 Events,,0
10896953,"Jamar, Gavril",,,,,,,,,,,,,,,,,,,,,0,Played 0 Events,,0
10813381,James Emanikor,,,,,,,,,,,,,,,,,,,,,0,Played 0 Events,,0
10854827,Janai Joseph Anyonyi,,,,,,,,,,,,,,,,,,,,,0,Played 0 Events,,0
10896961,"Jared, Ngeywo",,,,,,,,,,,,,,,,,,,,,0,Played 0 Events,,0
10855700,"Jayden, Herman",,,,,,,,,,,,,,,,,,,,,0,Played 0 Events,,0
554006970,Jesse Kagori,,,,,,,,,,,,,,,,,,,,,0,Played 0 Events,,0
10806890,"Joel, Okindo",,,,,,,,,,,,,,,,,,,,,0,Played 0 Events,,0
10899324,"John Mwangi Mwai,",,,,,,,,,,,,,,,,,,,,,0,Played 0 Events,,0
10859667,"John, Chege",,,,,,,,,,,,,,,,,,,,,0,Played 0 Events,,0
10898042,Jokhim Joseph,,,,,,,,,,,,,,,,,,,,,0,Played 0 Events,,0
10859977,Joseph Wambua,,,,,,,,,,,,,,,,,,,,,0,Played 0 Events,,0
10847952,"Joseph, Masika Wanjala",,,,,,,,,,,,,,,,,,,,,0,Played 0 Events,,0
10863621,"Jude Gachinga,",,,,,,,,,,,,,,,,,,,,,0,Played 0 Events,,0
10899332,"Justin Jabali Kamau,",,,,,,,,,,,,,,,,,,,,,0,Played 0 Events,,0
10837698,Kabbis Roby,,,,,,,,,,,,,,,,,,,,,0,Played 0 Events,,0
10827790,Kabechu Dennis,,,,,,,,,,,,,,,,,,,,,0,Played 0 Events,,0
10806075,"Kabugu, Njagi",,,,,,,,,,,,,,,,,,,,,0,Played 0 Events,,0
10813934,Kagambi Jeremiah,,,,,,,,,,,,,,,,,,,,,0,Played 0 Events,,0
10814418,Kagambi Samuel,,,,,,,,,,,,,,,,,,,,,0,Played 0 Events,,0
10820701,Kalati Dennis,,,,,,,,,,,,,,,,,,,,,0,Played 0 Events,,0
10834273,"Kamanda, Ryan",,,,,,,,,,,,,,,,,,,,,0,Played 0 Events,,0
10823190,Kamau Emmanuel,,,,,,,,,,,,,,,,,,,,,0,Played 0 Events,,0
10846506,"Kamau, Elijah",,,,,,,,,,,,,,,,,,,,,0,Played 0 Events,,0
10896970,"Kamau, Jeremy",,,,,,,,,,,,,,,,,,,,,0,Played 0 Events,,0
10824545,Kamoni Elvin,,,,,,,,,,,,,,,,,,,,,0,Played 0 Events,,0
10831525,Kamoni Elvis Githae,,,,,,,,,,,,,,,,,,,,,0,Played 0 Events,,0
10827757,"Kamukwa, Anthony",,,,,,,,,,,,,,,,,,,,,0,Played 0 Events,,0
10837736,"Kangwana, Hosni",,,,,,,,,,,,,,,,,,,,,0,Played 0 Events,,0
10840117,Karani Kennedy,,,,,,,,,,,,,,,,,,,,,0,Played 0 Events,,0
554006473,Karibe Adrian Rwingo,,,,,,,,,,,,,,,,,,,,,0,Played 0 Events,,0
10818421,"Karugo, David Maina",,,,,,,,,,,,,,,,,,,,,0,Played 0 Events,,0
10845429,Kelly Etabo Esekon,,,,,,,,,,,,,,,,,,,,,0,Played 0 Events,,0
10847960,Kelly Mwaniki,,,,,,,,,,,,,,,,,,,,,0,Played 0 Events,,0
10862900,Kerry Kiambi,,,,,,,,,,,,,,,,,,,,,0,Played 0 Events,,0
10896988,"Kevin, Mulweye",,,,,,,,,,,,,,,,,,,,,0,Played 0 Events,,0
10831754,"Khot, Ajak David",,,,,,,,,,,,,,,,,,,,,0,Played 0 Events,,0
10827340,"Kibon, Emmanuel Kibet",,,,,,,,,,,,,,,,,,,,,0,Played 0 Events,,0
10842977,"Kibue, Andre",,,,,,,,,,,,,,,,,,,,,0,Played 0 Events,,0
10846735,"Kienjeku, Evans Muigai",,,,,,,,,,,,,,,,,,,,,0,Played 0 Events,,0
10896643,"Kigen, Collins",,,,,,,,,,,,,,,,,,,,,0,Played 0 Events,,0
10827811,Kiggs Michael,,,,,,,,,,,,,,,,,,,,,0,Played 0 Events,,0
10811087,"Kimani, Hubert",,,,,,,,,,,,,,,,,,,,,0,Played 0 Events,,0
10807012,"Kimani, Kimingi",,,,,,,,,,,,,,,,,,,,,0,Played 0 Events,,0
10896996,"Kimtai, Brian",,,,,,,,,,,,,,,,,,,,,0,Played 0 Events,,0
10897011,"Kipchumba, Hillary",,,,,,,,,,,,,,,,,,,,,0,Played 0 Events,,0
10897020,"Kipchumba, Nicholas",,,,,,,,,,,,,,,,,,,,,0,Played 0 Events,,0
10844473,"Kipkemei, Allan Kiptum",,,,,,,,,,,,,,,,,,,,,0,Played 0 Events,,0
10897046,"Kipkoech, Norman",,,,,,,,,,,,,,,,,,,,,0,Played 0 Events,,0
10897054,"Kiplangat, Meshack",,,,,,,,,,,,,,,,,,,,,0,Played 0 Events,,0
10899340,"Kiprono, Lance Kirui Mutai",,,,,,,,,,,,,,,,,,,,,0,Played 0 Events,,0
10897070,"Kiprop, Lincoln",,,,,,,,,,,,,,,,,,,,,0,Played 0 Events,,0
10867678,"Kiprop, Louis",,,,,,,,,,,,,,,,,,,,,0,Played 0 Events,,0
10811060,"Kisindai, Paul Wangwe",,,,,,,,,,,,,,,,,,,,,0,Played 0 Events,,0
10897089,"Koech, Kennedy",,,,,,,,,,,,,,,,,,,,,0,Played 0 Events,,0
10817352,"Korir, Vincent Kipkoech",,,,,,,,,,,,,,,,,,,,,0,Played 0 Events,,0
10897097,"Kosgei, Kelvin",,,,,,,,,,,,,,,,,,,,,0,Played 0 Events,,0
10834060,Kyalo Peter,,,,,,,,,,,,,,,,,,,,,0,Played 0 Events,,0
10866078,"Lemuel, Ngunjiri",,,,,,,,,,,,,,,,,,,,,0,Played 0 Events,,0
,"Leone, David",,,,,,,,,,,,,,,,,,,,,0,Played 0 Events,,0
10834184,Levi Joshua,,,,,,,,,,,,,,,,,,,,,0,Played 0 Events,,0
10838317,Lewatachum Levin Sadiki,,,,,,,,,,,,,,,,,,,,,0,Played 0 Events,,0
10896651,"Lucas, Bernard",,,,,,,,,,,,,,,,,,,,,0,Played 0 Events,,0
10825770,"Lukoko, Moses",,,,,,,,,,,,,,,,,,,,,0,Played 0 Events,,0
10843256,"Lumula, Jason Jude",,,,,,,,,,,,,,,,,,,,,0,Played 0 Events,,0
10801766,Lwanga Charles Karoli,,,,,,,,,,,,,,,,,,,,,0,Played 0 Events,,0
10840095,Maari Kelly Sosi,,,,,,,,,,,,,,,,,,,,,0,Played 0 Events,,0
10815589,Macharia Mwangi Stanley,,,,,,,,,,,,,,,,,,,,,0,Played 0 Events,,0
554004500,"Macharia, Godwil",,,,,,,,,,,,,,,,,,,,,0,Played 0 Events,,0
10882502,"Maguor, Deng Gheit Longar",,,,,,,,,,,,,,,,,,,,,0,Played 0 Events,,0
10897100,"Maina, Hezron",,,,,,,,,,,,,,,,,,,,,0,Played 0 Events,,0
10898069,Makori Zion,,,,,,,,,,,,,,,,,,,,,0,Played 0 Events,,0
10854185,"Mandela, Jacob",,,,,,,,,,,,,,,,,,,,,0,Played 0 Events,,0
10811036,"Mangi, Lenox",,,,,,,,,,,,,,,,,,,,,0,Played 0 Events,,0
10834745,"Maoga, Trevor",,,,,,,,,,,,,,,,,,,,,0,Played 0 Events,,0
10834745,"Maoga, Trevor",,,,,,,,,,,,,,,,,,,,,0,Played 0 Events,,0
10820175,"Marani, Caleb",,,,,,,,,,,,,,,,,,,,,0,Played 0 Events,,0
10833340,Marc-Antoine Ishimwe Ndagijimana,,,,,,,,,,,,,,,,,,,,,0,Played 0 Events,,0
10833340,Marc-Antoine Ishimwe Ndagijimana,,,,,,,,,,,,,,,,,,,,,0,Played 0 Events,,0
10868640,Mark Gacheru,,,,,,,,,,,,,,,,,,,,,0,Played 0 Events,,0
10821180,Martin Kagiri,,,,,,,,,,,,,,,,,,,,,0,Played 0 Events,,0
10809163,Martin Mambo,,,,,,,,,,,,,,,,,,,,,0,Played 0 Events,,0
10869247,Master Walter Aira,,,,,,,,,,,,,,,,,,,,,0,Played 0 Events,,0
10818430,Mathenge Gichuga,,,,,,,,,,,,,,,,,,,,,0,Played 0 Events,,0
554003016,Matthew Muchiri,,,,,,,,,,,,,,,,,,,,,0,Played 0 Events,,0
10894853,"Mburu, Daniel",,,,,,,,,,,,,,,,,,,,,0,Played 0 Events,,0
10847693,"Mich, Jayden",,,,,,,,,,,,,,,,,,,,,0,Played 0 Events,,0
10806873,"Michuki, Francis",,,,,,,,,,,,,,,,,,,,,0,Played 0 Events,,0
10818731,"Mitsanze, Mark",,,,,,,,,,,,,,,,,,,,,0,Played 0 Events,,0
10897119,"Mogambi, Ian",,,,,,,,,,,,,,,,,,,,,0,Played 0 Events,,0
10838104,Mokua Jayden Wrenon,,,,,,,,,,,,,,,,,,,,,0,Played 0 Events,,0
10892567,Morgan Israel,,,,,,,,,,,,,,,,,,,,,0,Played 0 Events,,0
10897127,"Morphine, Makhokha",,,,,,,,,,,,,,,,,,,,,0,Played 0 Events,,0
10871063,"Moses, Munene",,,,,,,,,,,,,,,,,,,,,0,Played 0 Events,,0
10837400,"Muchiri, Henry",,,,,,,,,,,,,,,,,,,,,0,Played 0 Events,,0
10848886,Muchoki Morgan Maina,,,,,,,,,,,,,,,,,,,,,0,Played 0 Events,,0
10809546,"Muchugu, Christian Nderi",,,,,,,,,,,,,,,,,,,,,0,Played 0 Events,,0
10816224,Mugambi Ezekiel,,,,,,,,,,,,,,,,,,,,,0,Played 0 Events,,0
10839704,"Muganzi, Delmas Gwademba",,,,,,,,,,,,,,,,,,,,,0,Played 0 Events,,0
10833331,Mugisha Jean- Christophe,,,,,,,,,,,,,,,,,,,,,0,Played 0 Events,,0
10811680,Mugwanja Nathaniel,,,,,,,,,,,,,,,,,,,,,0,Played 0 Events,,0
10843612,"Muhambe, Terrence Shisundi",,,,,,,,,,,,,,,,,,,,,0,Played 0 Events,,0
10845461,"Mukhwana, Gene Pence Barasa",,,,,,,,,,,,,,,,,,,,,0,Played 0 Events,,0
10801685,Mulaga Geoffrey,,,,,,,,,,,,,,,,,,,,,0,Played 0 Events,,0
10896368,"Muli, Dan Kilonzo",,,,,,,,,,,,,,,,,,,,,0,Played 0 Events,,0
10826955,"Muli, Raphael Muthenya",,,,,,,,,,,,,,,,,,,,,0,Played 0 Events,,0
554006600,Mulili Joseph Kitho,,,,,,,,,,,,,,,,,,,,,0,Played 0 Events,,0
10815023,"Muluda, Chahindi",,,,,,,,,,,,,,,,,,,,,0,Played 0 Events,,0
10817492,"Munene, Dean Martin",,,,,,,,,,,,,,,,,,,,,0,Played 0 Events,,0
10895973,Munyao Kelvin Makau,,,,,,,,,,,,,,,,,,,,,0,Played 0 Events,,0
10897135,"Murgor, Kibet",,,,,,,,,,,,,,,,,,,,,0,Played 0 Events,,0
10814051,"Muriithi, Alexander",,,,,,,,,,,,,,,,,,,,,0,Played 0 Events,,0
10827420,"Murimi, Brian",,,,,,,,,,,,,,,,,,,,,0,Played 0 Events,,0
10821953,"Mutembei, Victor",,,,,,,,,,,,,,,,,,,,,0,Played 0 Events,,0
10845992,Muthee Vianney Kaberere,,,,,,,,,,,,,,,,,,,,,0,Played 0 Events,,0
10843949,"Mutuma, Victor Mutugi",,,,,,,,,,,,,,,,,,,,,0,Played 0 Events,,0
10838082,Muturi Medwin Morara,,,,,,,,,,,,,,,,,,,,,0,Played 0 Events,,0
10840222,Mwalugha Oliver,,,,,,,,,,,,,,,,,,,,,0,Played 0 Events,,0
10832319,Mwangi Mike Njoroge,,,,,,,,,,,,,,,,,,,,,0,Played 0 Events,,0
10843000,Mwangi Victor,,,,,,,,,,,,,,,,,,,,,0,Played 0 Events,,0
10896686,"Mwangi, Douglas",,,,,,,,,,,,,,,,,,,,,0,Played 0 Events,,0
10808698,"Mwangi, Samuel Macharia",,,,,,,,,,,,,,,,,,,,,0,Played 0 Events,,0
10849033,"Mwangi, Zachary Kamau",,,,,,,,,,,,,,,,,,,,,0,Played 0 Events,,0
10894470,"Mwaniki, Joseph Gacura",,,,,,,,,,,,,,,,,,,,,0,Played 0 Events,,0
10821392,Mwanyika Mike,,,,,,,,,,,,,,,,,,,,,0,Played 0 Events,,0
10898077,Mwisiati Ian,,,,,,,,,,,,,,,,,,,,,0,Played 0 Events,,0
10838546,Ndua Nathaniel,,,,,,,,,,,,,,,,,,,,,0,Played 0 Events,,0
10897828,Nelvin Mundia,,,,,,,,,,,,,,,,,,,,,0,Played 0 Events,,0
10872817,"Nevin, Nduati Mwangi",,,,,,,,,,,,,,,,,,,,,0,Played 0 Events,,0
10835113,"Nganga, David",,,,,,,,,,,,,,,,,,,,,0,Played 0 Events,,0
10819444,Ngesa Francis,,,,,,,,,,,,,,,,,,,,,0,Played 0 Events,,0
10813756,"Ngony, John Thon",,,,,,,,,,,,,,,,,,,,,0,Played 0 Events,,0
10834362,Ngugi Francis,,,,,,,,,,,,,,,,,,,,,0,Played 0 Events,,0
554009065,Nicodemus Koira Karitie,,,,,,,,,,,,,,,,,,,,,0,Played 0 Events,,0
10827048,"Njeri, Collins Mburu",,,,,,,,,,,,,,,,,,,,,0,Played 0 Events,,0
10811320,Njoroge Billy Timothy,,,,,,,,,,,,,,,,,,,,,0,Played 0 Events,,0
10803572,Njoroge Dadson Rwamba,,,,,,,,,,,,,,,,,,,,,0,Played 0 Events,,0
10866906,Nyakundi Wesley Kithinji,,,,,,,,,,,,,,,,,,,,,0,Played 0 Events,,0
10821015,Nyakundi Zadock,,,,,,,,,,,,,,,,,,,,,0,Played 0 Events,,0
10897143,"Obiero, Franklin",,,,,,,,,,,,,,,,,,,,,0,Played 0 Events,,0
10843299,Ochiel John,,,,,,,,,,,,,,,,,,,,,0,Played 0 Events,,0
10832815,Ochieng Calvince,,,,,,,,,,,,,,,,,,,,,0,Played 0 Events,,0
10829016,"Ochieng, Innocent",,,,,,,,,,,,,,,,,,,,,0,Played 0 Events,,0
10832718,Oddiaga Nigel,,,,,,,,,,,,,,,,,,,,,0,Played 0 Events,,0
10832718,"Oddiaga, Nigel",,,,,,,,,,,,,,,,,,,,,0,Played 0 Events,,0
10827773,"Odero, Francis",,,,,,,,,,,,,,,,,,,,,0,Played 0 Events,,0
10842551,"Ododa, Ashford",,,,,,,,,,,,,,,,,,,,,0,Played 0 Events,,0
10827889,"Okemwa, Eugene",,,,,,,,,,,,,,,,,,,,,0,Played 0 Events,,0
10844058,Okwemba Elvis,,,,,,,,,,,,,,,,,,,,,0,Played 0 Events,,0
10814078,Olando Paul Jnr,,,,,,,,,,,,,,,,,,,,,0,Played 0 Events,,0
10844392,Oliver Aggrey,,,,,,,,,,,,,,,,,,,,,0,Played 0 Events,,0
10844392,Oliver Aggrey,,,,,,,,,,,,,,,,,,,,,0,Played 0 Events,,0
10836560,Oluchiri Jadarudo Achieng,,,,,,,,,,,,,,,,,,,,,0,Played 0 Events,,0
10836560,"Oluchiri, Jadarudo Achieng",,,,,,,,,,,,,,,,,,,,,0,Played 0 Events,,0
10836586,"Oluchiri, Jeshurun Inyangala",,,,,,,,,,,,,,,,,,,,,0,Played 0 Events,,0
10814647,"Oluka, Robert Mcligeyo",,,,,,,,,,,,,,,,,,,,,0,Played 0 Events,,0
554004772,"Oluoch, Ian",,,,,,,,,,,,,,,,,,,,,0,Played 0 Events,,0
10823697,"Omani, Wycliffe",,,,,,,,,,,,,,,,,,,,,0,Played 0 Events,,0
10849246,Omondi Humphrey,,,,,,,,,,,,,,,,,,,,,0,Played 0 Events,,0
10823425,"Omondi, Stanley",,,,,,,,,,,,,,,,,,,,,0,Played 0 Events,,0
10815031,Omwela Elisha,,,,,,,,,,,,,,,,,,,,,0,Played 0 Events,,0
10802169,"Onditi, Jacob Lusi",,,,,,,,,,,,,,,,,,,,,0,Played 0 Events,,0
10894314,"Ongeri, Moses Obure",,,,,,,,,,,,,,,,,,,,,0,Played 0 Events,,0
10805214,"Ongono, Victor",,,,,,,,,,,,,,,,,,,,,0,Played 0 Events,,0
10846450,Onyango Paul Ochieng,,,,,,,,,,,,,,,,,,,,,0,Played 0 Events,,0
10843728,"Oredo, Brian Otieno",,,,,,,,,,,,,,,,,,,,,0,Played 0 Events,,0
10805745,Oruke Glen Kingoina,,,,,,,,,,,,,,,,,,,,,0,Played 0 Events,,0
10821872,Osidiana Eli,,,,,,,,,,,,,,,,,,,,,0,Played 0 Events,,0
10832378,Osundwa Ihabi,,,,,,,,,,,,,,,,,,,,,0,Played 0 Events,,0
10841229,"Otiende, Kennedy",,,,,,,,,,,,,,,,,,,,,0,Played 0 Events,,0
10802320,Otieno George Ochieng,,,,,,,,,,,,,,,,,,,,,0,Played 0 Events,,0
10829180,Otieno Ronny,,,,,,,,,,,,,,,,,,,,,0,Played 0 Events,,0
10843655,"Ouma, Effim Samuel",,,,,,,,,,,,,,,,,,,,,0,Played 0 Events,,0
10845283,"Ouma, Stanley",,,,,,,,,,,,,,,,,,,,,0,Played 0 Events,,0
10838929,"Ousia, Marvin",,,,,,,,,,,,,,,,,,,,,0,Played 0 Events,,0
10840788,"Palanga, Boston",,,,,,,,,,,,,,,,,,,,,0,Played 0 Events,,0
10893032,"Peter, Odoyo",,,,,,,,,,,,,,,,,,,,,0,Played 0 Events,,0
10875204,"Prince, Isaac Munyua",,,,,,,,,,,,,,,,,,,,,0,Played 0 Events,,0
10875263,"Prince, Kiarie",,,,,,,,,,,,,,,,,,,,,0,Played 0 Events,,0
10899359,"Ravjoel Murithi,",,,,,,,,,,,,,,,,,,,,,0,Played 0 Events,,0
10897747,"Rene, Michael Witila",,,,,,,,,,,,,,,,,,,,,0,Played 0 Events,,0
10897151,"Robert, Peru",,,,,,,,,,,,,,,,,,,,,0,Played 0 Events,,0
10894462,Sadiq Asman,,,,,,,,,,,,,,,,,,,,,0,Played 0 Events,,0
10894462,"Sadiq, Asman",,,,,,,,,,,,,,,,,,,,,0,Played 0 Events,,0
,Samuel Gaetano,,,,,,,,,,,,,,,,,,,,,0,Played 0 Events,,0
10844929,"Sawe, Allan",,,,,,,,,,,,,,,,,,,,,0,Played 0 Events,,0
10878831,"Sean, Ringera",,,,,,,,,,,,,,,,,,,,,0,Played 0 Events,,0
10836152,Serede Elvis Mugilwa Jnr,,,,,,,,,,,,,,,,,,,,,0,Played 0 Events,,0
10845275,"Sewe, Adriel",,,,,,,,,,,,,,,,,,,,,0,Played 0 Events,,0
10843370,Shapwala Paul Okuyo,,,,,,,,,,,,,,,,,,,,,0,Played 0 Events,,0
10897640,"Shawn, Mukunza",,,,,,,,,,,,,,,,,,,,,0,Played 0 Events,,0
10888446,"Shiroko, Excellent",,,,,,,,,,,,,,,,,,,,,0,Played 0 Events,,0
554004594,"Sikuku, Leonard",,,,,,,,,,,,,,,,,,,,,0,Played 0 Events,,0
10806024,"Sinoya, Evans",,,,,,,,,,,,,,,,,,,,,0,Played 0 Events,,0
10845283,"Stephen, Richard",,,,,,,,,,,,,,,,,,,,,0,Played 0 Events,,0
10899367,"Symon, Kanini Kung'u",,,,,,,,,,,,,,,,,,,,,0,Played 0 Events,,0
,Telvin Oyawa,,,,,,,,,,,,,,,,,,,,,0,Played 0 Events,,0
10827706,"Temoi, Patriedge Remi",,,,,,,,,,,,,,,,,,,,,0,Played 0 Events,,0
10839259,"Tindi, Victor",,,,,,,,,,,,,,,,,,,,,0,Played 0 Events,,0
10882340,"Vansh, Shah",,,,,,,,,,,,,,,,,,,,,0,Played 0 Events,,0
10897160,"Victor, Koech",,,,,,,,,,,,,,,,,,,,,0,Played 0 Events,,0
10810536,Wachania Leone Wachira,,,,,,,,,,,,,,,,,,,,,0,Played 0 Events,,0
10839518,Wachira Wilson,,,,,,,,,,,,,,,,,,,,,0,Played 0 Events,,0
10846891,Wafula Berry John,,,,,,,,,,,,,,,,,,,,,0,Played 0 Events,,0
10835539,Waichinga Dennis,,,,,,,,,,,,,,,,,,,,,0,Played 0 Events,,0
10896805,"Walter Amos, Luzing'a",,,,,,,,,,,,,,,,,,,,,0,Played 0 Events,,0
10826556,"Wambalo, Wong",,,,,,,,,,,,,,,,,,,,,0,Played 0 Events,,0
10837434,"Wanjihia, Anthony",,,,,,,,,,,,,,,,,,,,,0,Played 0 Events,,0
10839534,Wanyonyi Joshua,,,,,,,,,,,,,,,,,,,,,0,Played 0 Events,,0
10838554,"Warimwe, David James",,,,,,,,,,,,,,,,,,,,,0,Played 0 Events,,0
10831150,Waswa Abigael,,,,,,,,,,,,,,,,,,,,,0,Played 0 Events,,0
10815317,Wathimba Bradley,,,,,,,,,,,,,,,,,,,,,0,Played 0 Events,,0
10839895,"Waweru, Stephen",,,,,,,,,,,,,,,,,,,,,0,Played 0 Events,,0
10812458,"Wayodi, Patrick",,,,,,,,,,,,,,,,,,,,,0,Played 0 Events,,0
10847090,Wekesa Caleb Simiyu,,,,,,,,,,,,,,,,,,,,,0,Played 0 Events,,0
10841636,Wema Dylan,,,,,,,,,,,,,,,,,,,,,0,Played 0 Events,,0
10897178,"Wesonga, Zulfikar",,,,,,,,,,,,,,,,,,,,,0,Played 0 Events,,0
10825614,William Gitau,,,,,,,,,,,,,,,,,,,,,0,Played 0 Events,,0
,William Kibe,,,,,,,,,,,,,,,,,,,,,0,Played 0 Events,,0
554002915,William Mworia,,,,,,,,,,,,,,,,,,,,,0,Played 0 Events,,0
10898085,Wilson Ochwada,,,,,,,,,,,,,,,,,,,,,0,Played 0 Events,,0
10892699,Wisley Oriki,,,,,,,,,,,,,,,,,,,,,0,Played 0 Events,,0
10884890,"Yator, Mugo Waikwa",,,,,,,,,,,,,,,,,,,,,0,Played 0 Events,,0
10801391,Young Collins,,,,,,,,,,,,,,,,,,,,,0,Played 0 Events,,0
10885153,"Zeke, Mugo",,,,,,,,,,,,,,,,,,,,,0,Played 0 Events,,0